policy_id,w,delta
0,0.0,0
1,0.0,1
2,0.0,2
3,0.05,0
4,0.05,1
5,0.05,2
6,0.1,0
7,0.1,1
8,0.1,2
9,0.15,0
10,0.15,1
11,0.15,2
12,0.2,0
13,0.2,1
14,0.2,2
15,0.25,0
16,0.25,1
17,0.25,2
18,0.3,0
19,0.3,1
20,0.3,2
21,0.35,0
22,0.35,1
23,0.35,2
24,0.4,0
25,0.4,1
26,0.4,2
27,0.45,0
28,0.45,1
29,0.45,2
30,0.5,0
31,0.5,1
32,0.5,2
33,0.55,0
34,0.55,1
35,0.55,2
36,0.6,0
37,0.6,1
38,0.6,2
39,0.65,0
40,0.65,1
41,0.65,2
42,0.7,0
43,0.7,1
44,0.7,2
45,0.75,0
46,0.75,1
47,0.75,2
48,0.8,0
49,0.8,1
50,0.8,2
51,0.85,0
52,0.85,1
53,0.85,2
54,0.9,0
55,0.9,1
56,0.9,2
57,0.95,0
58,0.95,1
59,0.95,2
60,1.0,0
61,1.0,1
62,1.0,2
